"Status","Start Time","Stop Time","Duration in ms","Parent Suite","Suite","Sub Suite","Test Class","Test Method","Name","Description"
"broken","Tue Feb 09 23:28:01 CST 2021","Tue Feb 09 23:28:01 CST 2021","0","","test_calc","TestCalc","","","test_div[d5]",""
"passed","Tue Feb 09 23:28:01 CST 2021","Tue Feb 09 23:28:01 CST 2021","0","","test_calc","TestCalc","","","test_sub[s2]",""
"passed","Tue Feb 09 23:28:01 CST 2021","Tue Feb 09 23:28:01 CST 2021","1","","test_calc","TestCalc","","","test_mul[m4]",""
"passed","Tue Feb 09 23:28:01 CST 2021","Tue Feb 09 23:28:01 CST 2021","0","","test_calc","TestCalc","","","test_sub[s4]",""
"passed","Tue Feb 09 23:28:01 CST 2021","Tue Feb 09 23:28:01 CST 2021","0","","test_calc","TestCalc","","","test_sub[s6]",""
"passed","Tue Feb 09 23:28:01 CST 2021","Tue Feb 09 23:28:01 CST 2021","1","","test_calc","TestCalc","","","test_mul[m6]",""
"passed","Tue Feb 09 23:28:01 CST 2021","Tue Feb 09 23:28:01 CST 2021","1","","test_calc","TestCalc","","","test_div[d3]",""
"passed","Tue Feb 09 23:28:01 CST 2021","Tue Feb 09 23:28:01 CST 2021","1","","test_calc","TestCalc","","","test_div[d1]",""
"passed","Tue Feb 09 23:28:01 CST 2021","Tue Feb 09 23:28:01 CST 2021","1","","test_calc","TestCalc","","","test_div[d2]",""
"failed","Tue Feb 09 23:28:01 CST 2021","Tue Feb 09 23:28:01 CST 2021","0","","test_calc","TestCalc","","","test_sub[s5]",""
"failed","Tue Feb 09 23:28:01 CST 2021","Tue Feb 09 23:28:01 CST 2021","0","","test_calc","TestCalc","","","test_mul[m5]",""
"passed","Tue Feb 09 23:28:01 CST 2021","Tue Feb 09 23:28:01 CST 2021","0","","test_calc","TestCalc","","","test_sub[s1]",""
"passed","Tue Feb 09 23:28:01 CST 2021","Tue Feb 09 23:28:01 CST 2021","0","","test_calc","TestCalc","","","test_add[a3]",""
"passed","Tue Feb 09 23:28:01 CST 2021","Tue Feb 09 23:28:01 CST 2021","0","","test_calc","TestCalc","","","test_add[a2]",""
"passed","Tue Feb 09 23:28:01 CST 2021","Tue Feb 09 23:28:01 CST 2021","0","","test_calc","TestCalc","","","test_add[a4]",""
"passed","Tue Feb 09 23:28:01 CST 2021","Tue Feb 09 23:28:01 CST 2021","1","","test_calc","TestCalc","","","test_div[d6]",""
"broken","Tue Feb 09 23:28:01 CST 2021","Tue Feb 09 23:28:01 CST 2021","1","","test_calc","TestCalc","","","test_add[a5]",""
"passed","Tue Feb 09 23:28:01 CST 2021","Tue Feb 09 23:28:01 CST 2021","0","","test_calc","TestCalc","","","test_sub[s3]",""
"passed","Tue Feb 09 23:28:01 CST 2021","Tue Feb 09 23:28:01 CST 2021","1","","test_calc","TestCalc","","","test_mul[m3]",""
"passed","Tue Feb 09 23:28:01 CST 2021","Tue Feb 09 23:28:01 CST 2021","0","","test_calc","TestCalc","","","test_mul[m1]",""
"passed","Tue Feb 09 23:28:01 CST 2021","Tue Feb 09 23:28:01 CST 2021","0","","test_calc","TestCalc","","","test_mul[m2]",""
"passed","Tue Feb 09 23:28:01 CST 2021","Tue Feb 09 23:28:01 CST 2021","0","","test_calc","TestCalc","","","test_div[d4]",""
"passed","Tue Feb 09 23:28:01 CST 2021","Tue Feb 09 23:28:01 CST 2021","0","","test_calc","TestCalc","","","test_add[a1]",""
